<?xml version="1.0" encoding="UTF-8" standalone="yes"?>
<Packages xmlns="http://rossel.audaxis.com" xmlns:xsi="http://www.w3.org/2001/XMLSchema-instance" xsi:schemaLocation="http://rossel.audaxis.com http://site-client.audaxis.com/sites/all/modules/press_import/definitions/packages.xsd">
    <Package xsi:type="ArticlePackageType" Version="1.0" Language="fr" UnPublishDate="2010-11-11T00:00:00.000+01:00" EmbargoDate="2000-01-05T00:00:00.000+01:00" LastUpdateDate="2010-11-04T13:52:19+01:00" CreationDate="2010-11-04T13:06:44+01:00" PublicationDate="2010-11-04T13:52:35" PackageID="B821014742Z.1">
        <PackageTitle>India-New Zealand.sudpresse.be</PackageTitle>
        <ExternalReference>B821014742Z.1</ExternalReference>
        <ProductID>sudpresse.be</ProductID>
        <Destinations>
            <Destination DocumentLayout="mainstory" DestinationRank="Top">
                <DestinationPath>/SPORTS</DestinationPath>
            </Destination>
        </Destinations>
        <Editions>
            <Edition EditionID="Mouscron">true</Edition>
            <Edition EditionID="Tournai">true</Edition>
            <Edition EditionID="Mons">true</Edition>
            <Edition EditionID="Centre">false</Edition>
            <Edition EditionID="Charleroi">false</Edition>
            <Edition EditionID="Sambre/Meuse">false</Edition>
            <Edition EditionID="Namur">false</Edition>
            <Edition EditionID="Huy-Waremme">false</Edition>
            <Edition EditionID="Liege">false</Edition>
            <Edition EditionID="Basse-Meuse">false</Edition>
            <Edition EditionID="Verviers">false</Edition>
            <Edition EditionID="Luxembourg">false</Edition>
        </Editions>
        <Channels>
            <Channel Name="web"/>
            <Channel Name="facebook">Facebook text for india new zealand story</Channel>
            <Channel Name="twitter">twitter text for new zealand story</Channel>
        </Channels>
        <CommentsAllowed>Disabled</CommentsAllowed>
        <FreeAccess>true</FreeAccess>
        <AutoPublish>true</AutoPublish>
        <MainStory DocumentType="article" LastUpdateDate="2010-11-04T13:52:19+01:00" CreationDate="2010-11-04T13:06:44+01:00" PublicationDate="2010-11-04T13:52:35" ObjectDescription="onlinearticle.xml" ObjectID="GHO15RGCBC.1">
            <Title>India-New Zealand.sudpresse.be</Title>
            <ExternalReference>GHO15RGCBC.1</ExternalReference>
            <Taxonomy>
                <Vocabulary VocabularyName="keywords">
                    <Term>India</Term>
                    <Term> New Zealand</Term>
                    <Term> cricket</Term>
                </Vocabulary>
            </Taxonomy>
            <Copyright>By C.RAJSHEKHAR RAO, AP Sports Writer</Copyright>
            <TextTitle>Adds Sehwag, Ryder quotes.</TextTitle>
            <TextBody xmlns:xsd="http://www.w3.org/2001/XMLSchema-instance">
                <p/>
                <p>AP Photo DEL117, DEL114, DEL103, DEL102</p>
                <p>AHMEDABAD, India (AP) — Virender Sehwag and Rahul Dravid produced centuries in contrasting styles to help India dominate the opening day of the first test against New Zealand on Thursday.</p>
                <p>Sehwag made a well-paced 173 while Dravid compiled a steady 104 as the home side reached a commanding 329-3 after winning the toss and asking the opposition to bowl on a good batting pitch at the Sardar Patel Stadium.</p>
                <p>Sachin Tendulkar (13) and VVS Laxman (7) were not out at the close.</p>
                <p>India was put in a position of strength by Sehwag and Dravid, who made the most of an unimpressive bowling attack that also lacked support in the field as three clear chances were spilled.</p>
                <p>Sehwag smashed 24 fours and a six off 199 deliveries for his 22nd test hundred, during which he dominated a 237-run stand for the second wicket with Dravid.</p>
                <p>Sehwag timed the ball well from early on, stroking three fours through the off side against Chris Martin in the third over.</p>
                <p>He welcomed first-change bowler Jesse Ryder with a lofted four over mid-on and smashed him straight down the ground for another boundary off the next delivery. A drive through the cover region off Jeetan Patel took him to his 50.</p>
                <p>He slowed a little when approaching triple figures but reached it with a trademark lofted shot for four over mid-off from Daniel Vettori.</p>
                <p>Sehwag had a reprieve from off-spinner Patel, who failed to latch on to an easy return catch when the batsman was on 144 and was also let off on 155, when substitute Martin Guptill fumbled at mid-wicket off debutant Kane Williamson.</p>
                <p>He was finally bowled by Vettori as he shaped up lazily on the back foot.</p>
                <p>“The pitch was very easy to bat on and I knew that if I saw off the opening 30 minutes, I was in for a big score,” Sehwag said. “New Zealand has an inexperienced bowling attack and it would not have been easy for them to bowl in these conditions.”</p>
                <p>Dravid also had a lucky break when he was dropped on 28 by wicketkeeper Gareth Hopkin off Ryder. Dravid was solid either side of the chance during a 227-ball innings which saw him strike 14 fours for a 30th test ton.</p>
                <p>Dravid contributed just 17 runs in the first 100 runs of the second-wicket stand, but opened up to strike some well-timed boundaries on the offside later in the day.</p>
                <p>“We failed to stick to our plans and the way things were going, we were expecting India to score in excess of 400 today,” Ryder said. “The wicket is flat, but one good session can change the course of the game.”</p>
                <p>Top-ranked India, boosted by the return of Gambhir and VVS Laxman, dropped Cheteshwar Pujara and Murali Vijay, despite their contributions to the test win over Australia at Bangalore last month.</p>
                <p>Skipper Vettori, appearing in his 100th test for New Zealand, is the only one in his side to have played a test in India before. The inexperienced side also has two players making their debuts — Kane Williamson and pace bowler Hamish Bennett.</p>
                <p>Having just beaten Australia 2-0 in a two-test home series, India is favorite to beat New Zealand in their three-match series. Hyderabad and Nagpur will host the remaining two tests.</p>
                <p>AP-NY-11-04-10 0810EDT</p>
            </TextBody>
        </MainStory>
        <EmbeddedContent>
            <EmbeddedObjects>
                <Object xsi:type="PhotoObjectType" MimeType="image/jpeg" LastUpdateDate="2010-11-04T13:39:36+01:00" CreationDate="2010-11-04T13:01:00+01:00" PublicationDate="2010-11-04T13:52:35" ObjectDescription="India New Zealand Cricket" ObjectID="GFN15RGC5S.2">
                    <Title>India New Zealand Cricket</Title>
                    <ExternalReference>GFN15RGC5S.2</ExternalReference>
                    <Taxonomy/>
                    <Copyright></Copyright>
                    <FileURI>embed:B821014742Z.1_20101104135235_000+GFN15RGC5S.2-0.jpg</FileURI>
                    <FileSize>125815</FileSize>
                    <Caption xmlns:xs="http://www.w3.org/2001/XMLSchema" xsi:type="xs:string"></Caption>
                </Object>
            </EmbeddedObjects>
            <LinksLists>
                <LinksList>
                    <ExternalReference>1234</ExternalReference>
                    <Title>Read More</Title>
                    <Links/>
                </LinksList>
            </LinksLists>
        </EmbeddedContent>
    </Package>
</Packages>
